リオナ,京橋(東京),なな,東京,0.622
もぼ,有栖川,もみじ,トロッコ嵯峨,1.287
ニャッシュ ダッチュー,五反田,めぐる,品川,1.406
カノン,阿佐ケ谷,アヤ,荻窪,1.423
リト,福井(福井),つばさ,田原町(福井),1.530
さや,天下茶屋,たまき,天王寺,1.946
レイカ,新利府,よしの,岩切,2.397
シャルロッテ,江波(広島),ひめ,観音町(広島),2.571
レン,南巽,たまき,天王寺,3.701
ちとせ,上野,なな,東京,3.736
レン,北巽,たまき,天王寺,3.861
にころ,東京貨物ターミナル,めぐる,品川,4.035
もぼ,有栖川,みやび,桂,4.058
リオナ,京橋(東京),ちとせ,上野,4.154
ニャッシュ ダッチュー,五反田,にころ,東京貨物ターミナル,4.545
もみじ,トロッコ嵯峨,みやび,桂,4.814
ゆめの,北府,こはな,王子保,4.877
さや,天下茶屋,レン,南巽,5.229
しぐれ,王子,ちとせ,上野,5.543
さや,天下茶屋,レン,北巽,5.626
リオナ,京橋(東京),めぐる,品川,6.042
よしの,岩切,まやか,荒井(宮城),6.239
うらら ほこね,新百合ヶ丘,みずか,調布,6.314
めぐる,品川,なな,東京,6.344
みこと くに,美談,すばる,出雲市,6.886
みらい,八潮,そら,青砥,6.971
ニャッシュ ダッチュー,五反田,リオナ,京橋(東京),7.037
なつめ,三条(京都),みやび,桂,7.092
もぼ,有栖川,なつめ,三条(京都),7.142
るる,尺土,らら,橿原神宮前,7.222
ニャッシュ ダッチュー,五反田,なな,東京,7.250
ねも,那珂湊,ミキ,勝田,7.825
みそら,汐入,ギンカ,金沢文庫,7.898
ちとせ,上野,そら,青砥,7.994
しぐれ,王子,なな,東京,8.287
レイカ,新利府,まやか,荒井(宮城),8.297
なつめ,三条(京都),もみじ,トロッコ嵯峨,8.407
しぐれ,王子,リオナ,京橋(東京),8.880
アヤ,荻窪,みずか,調布,9.008
にころ,東京貨物ターミナル,リオナ,京橋(東京),9.077
にころ,東京貨物ターミナル,なな,東京,9.542
ルナ,新大阪,たまき,天王寺,9.652
るり,大雄山,あすか,小涌谷,9.876
ちとせ,上野,めぐる,品川,10.060
カノン,阿佐ケ谷,みずか,調布,10.155
ルナ,新大阪,レン,北巽,10.247
しぐれ,王子,カノン,阿佐ケ谷,10.644
しぐれ,王子,そら,青砥,10.683
ルナ,新大阪,さや,天下茶屋,10.828
そら,青砥,なな,東京,10.850
ニャッシュ ダッチュー,五反田,ちとせ,上野,10.884
リオナ,京橋(東京),そら,青砥,10.929
あたる,黒崎,おとは,小倉(福岡),10.979
ルナ,新大阪,レン,南巽,11.146
しぐれ,王子,みらい,八潮,11.444
ニャッシュ ダッチュー,五反田,カノン,阿佐ケ谷,11.832
しぐれ,王子,アヤ,荻窪,11.914
カノン,阿佐ケ谷,なな,東京,12.046
みらい,八潮,ちとせ,上野,12.130
りんご,鹿沼,らいか,宇都宮,12.168
リオナ,京橋(東京),カノン,阿佐ケ谷,12.517
カノン,阿佐ケ谷,めぐる,品川,12.583
ギンカ,金沢文庫,ナツミ,江ノ島,12.668
カノン,阿佐ケ谷,ちとせ,上野,12.786
ニャッシュ ダッチュー,五反田,アヤ,荻窪,12.809
にころ,東京貨物ターミナル,ちとせ,上野,13.230
アヤ,荻窪,なな,東京,13.433
めぐる,品川,アヤ,荻窪,13.650
ギンカ,金沢文庫,みちる,横浜,13.703
しぐれ,王子,めぐる,品川,13.747
レン,北巽,わかな,生駒,13.820
リオナ,京橋(東京),アヤ,荻窪,13.893
ニャッシュ ダッチュー,五反田,しぐれ,王子,14.116
ちとせ,上野,アヤ,荻窪,14.207
レン,南巽,わかな,生駒,14.347
うらら ほこね,新百合ヶ丘,アヤ,荻窪,15.133
むつみ,寿,シーナ,大月,15.749
みらい,八潮,なな,東京,15.768
みらい,八潮,リオナ,京橋(東京),16.063
アヤ,荻窪,にこ,所沢,16.088
うらら ほこね,新百合ヶ丘,カノン,阿佐ケ谷,16.146
みそら,汐入,ナツミ,江ノ島,16.234
みずか,調布,にこ,所沢,16.254
にころ,東京貨物ターミナル,カノン,阿佐ケ谷,16.377
ニャッシュ ダッチュー,五反田,みずか,調布,16.511
そら,青砥,めぐる,品川,16.788
カノン,阿佐ケ谷,にこ,所沢,17.261
にころ,東京貨物ターミナル,アヤ,荻窪,17.344
にころ,東京貨物ターミナル,しぐれ,王子,17.497
たまき,天王寺,わかな,生駒,17.631
リト,福井(福井),ゆめの,北府,17.655
みなも,蛍茶屋,ちどり,諫早,17.692
めぐる,品川,みずか,調布,17.814
ニャッシュ ダッチュー,五反田,そら,青砥,17.914
ハル,美濃白鳥,きらら,九頭竜湖,18.070
セリア,金城ふ頭,あきら,砂田橋,18.271
うらら ほこね,新百合ヶ丘,みちる,横浜,18.500
ルナ,新大阪,わかな,生駒,18.501
つばさ,田原町(福井),ゆめの,北府,18.884
にころ,東京貨物ターミナル,みちる,横浜,18.901
